153902601,Virgie Dockins
175839021,Isela Brenes
211955763,Cruz Hernandes
226983305,Kathyrn Fuson
269955105,Timika Hamler
289108197,Kenyetta Caviness
313756117,Alessandra Stangle
343538906,Rosaria Lemelin
379030580,Maxine Pizana
397051371,Malia Edmunds
402683364,Kathyrn Linke
422449136,Laurine Lamberton
443847716,Evelin Monroig
470855284,Kattie Manns
481552407,Cara Dorris
486232445,Bernice Paluch
488557611,Julie Petteway
498597392,Caleb Causey
531036129,Myron Dales
570383597,Min Bordeaux
572318128,Cordie Boldt
572473845,Myra Mcdavid
595388068,Augustina Puckett
630627458,Carter Reading
630854752,Jannie Moncayo
660364137,Anastacia Hernandes
665529803,Karan Gandara
667919876,Therese Bouffard
682812292,Kenia Serrao
707689984,Pearline Gillian
716498317,Anastacia Bach
735294307,Sanda Merck
761324008,Zachary Nicholes
761612317,Eva Delatorre
762392100,Jae Arriaga
770871354,Merideth Pizana
784815599,Libbie Manns
785908236,Babara Dockins
828515640,Zachary Lyle
846199509,Isela Longenecker
846860563,Caleb Carbone
856616111,Marcelino Stradford
860573167,Deneen Frix
889150427,Marcia Waguespack
914588703,Libby Lyle
935799643,Oswaldo Stecker
954023974,Sanda Oldenburg
960051955,Anglea Sanches
984280720,Marcell Guyton
989281747,Wilhemina Gandara