101551069,Adell Blaisdell
119016996,Katherine Cordell
119354126,Clarissa Cola
138100446,Merrilee Tidmore
138855031,Deane Saechao
139972272,Queenie Depew
141664823,Armanda Caballero
144684147,Tori Clair
152016145,Karissa Chastain
155035865,Denver Nottage
160473252,Adell Paluch
164198600,Linn Constance
164257529,Han Lamberton
167778519,Suellen Degraff
175064252,Herma Gandara
182226131,Micheal Kehrer
186694760,Azalee Tilton
197204531,Lakia Merck
199475172,Crista Dominy
201374840,Marquis Boldt
202046272,Elli Whalen
204352541,Velia Depew
219786388,Myrle Hayton
226307190,Deneen Fitzgerald
226551423,Alessandra Flannery
236985127,Myron Arriaga
250259216,Ellen Hamler
259513935,Jerrell Reading
263569643,Dionne Raffaele
277072103,Collen Nordeen
278164771,Darrell Lyle
296851784,Jesus Stutzman
323607534,Nadine Timbers
326785042,Adrien Rueb
353814158,Linn Chretien
354932393,Krissy Respass
357862786,Gennie Deans
358416478,Shawnda Sinkfield
359480550,Allyn Manns
365572394,Tanna Lemmond
366706112,Elliott Overlock
382855207,Bettina Darner
385359851,Les Pizana
417398186,Wanita Kimball
419451748,Sharri Kilby
421295576,Leota Giefer
421343100,Katheleen Mazon
425914715,Felica Tilton
426733517,Tish Nordeen
429712958,Basilia Delatorre
431454638,Malia Arias
431834236,Winford Mckinnis
443977531,Charlyn Hollomon
444739037,Leia Bratton
446283483,Myrle Fazekas
450225058,Carisa Stutzman
458297377,Pennie Florence
458631767,Manda Pizana
466535964,Anglea Mcgavock
478107402,Wen Torain
478545897,Lucinda Caviness
479837858,Celina Stpierre
489219295,Katheryn Behler
491499096,Terra Radebaugh
496383445,Armanda Bayles
504748037,Min Arias
514322919,Ann Bouffard
517275363,Marcelino Hostetler
528875302,Virgie Mcduffie
528967435,Lakia Paluch
532849654,Elfriede Mirsky
535324400,Jazmin Planas
540964468,Winford Kinsey
545950036,Bryant Valone
551099559,Genesis Bolan
554662685,Stephenie Stille
557165765,Lyle Raffield
563296773,Tanja Lefevers
564967218,Libby Hernandes
565628141,Nellie Stangle
567169277,Julieta Missildine
577851612,Bettina Peraza
587124733,Desmond Hanchett
594128770,Lue Cascio
613948325,Herma Giblin
629710461,Brent Arriaga
635239645,Sallie Bidwell
643686358,Diane Lape
647820176,Theo Nero
650297992,Laquita Orduno
656052405,Loyce Giblin
661845412,Lawanda Carbone
674632608,Latosha Lake
681265386,Landon Casimir
686662389,Lynwood Paluch
694801753,Julie Longenecker
697092811,Romeo Ownby
700783600,Yanira Violet
708190903,Deanne Cuyler
722064951,Earlean Gillian
725408404,Denver Roache
727360494,Pearline Vereen
732923965,Merideth Masuda
743702110,Rosaria Constance
749464058,Leia Agudelo
749974309,Tish Janousek
752780836,Danny Reddy
771127732,Fatima Stecker
772061157,Earlean Peckham
780026866,Wen Grams
782078555,Ashley Prestridge
792653301,Annamarie Cripps
794170935,Myrle Casimir
801982676,Lue Saltzman
802153412,Timika Newquist
802447147,Lorna Stangle
802449004,Henrietta Saini
809427259,Felix Overlock
823294174,Nichole Casimir
825133670,Dionne Tall
847534348,Wilhemina Avendano
853012370,Bernice Timbers
854590474,Rick Everton
857452349,Trang Yager
867542018,Lawanda Longenecker
877039436,Loyce Clair
879153589,Evan Kehrer
881369887,Tarah Pye
890902394,Yer Gerth
892034381,Janelle Durfey
905248931,Fredrick Brier
906789570,Dagny Raffaele
908365324,Lannie Clair
912731700,Nita Winchester
912852212,Newton Avendano
914864453,Deanne Tall
918078329,Madonna Tally
923362523,Jamey Leathers
928422047,Kathyrn Dominy
930201649,Audry Fortes
948765261,Manda Ownby
950444273,Hue Kilby
951967115,Sanjuana Merck
961861725,Terra Tsan
963709203,Coralee Drolet
969573217,Winona Spear
970352182,Winford Kinsey
987991594,Stephenie Guerrera
992341256,Hoyt Knowles
996384073,Theron Bordeaux
